{"cameraMode":{"drawMode":0,"name":"Shaded","section":"Shading Mode"},"sceneLighting":false,"audioPlay":false,"sceneViewState":{"showFog":false,"showMaterialUpdate":false,"showSkybox":false,"showFlares":false,"showImageEffects":false,"showParticleSystems":false},"in2DMode":false,"pivot":{"x":193.97634887695313,"y":40.91126251220703,"z":139.84359741210938},"rotation":{"x":-0.10027697682380676,"y":0.748534619808197,"z":-0.6450930237770081,"w":-0.1163402795791626},"size":8.727773666381836,"orthographic":false}